Conner Pena,c.pena,lap-cpena,10.0.5.138
Rex Watts,r.watts,mac-rwatts,10.0.3.44
Michaela Chen,m.chen,lap-mchen,10.0.0.13
Coleman Coffey,c.coffey,pc-ccoffey,10.0.5.179
Jaylee Peterson,j.peterson,pc-jpeterson,10.0.1.135
Joslyn Spence,j.spence,lap-jspence,10.0.3.222
Maddox Costa,m.costa,pc-mcosta,10.0.6.177
Jenny Sloan,j.sloan,pc-jsloan,10.0.4.66
Kristopher Shaw,k.shaw,mac-kshaw,10.0.3.236
Keagan Solomon,k.solomon,pc-ksolomon,10.0.6.155
Hunter Tanner,h.tanner,lap-htanner,10.0.1.38
Daphne Hansen,d.hansen,pc-dhansen,10.0.5.108
Walker Barnett,w.barnett,lap-wbarnett,10.0.0.119
Donovan Fowler,d.fowler,pc-dfowler,10.0.5.164
Kian Sellers,k.sellers,lap-ksellers,10.0.4.76
Garrett Owen,g.owen,pc-gowen,10.0.4.90
Rayne Fitzgerald,r.fitzgerald,pc-rfitzgerald,10.0.6.41
Alyvia Velasquez,a.velasquez,lap-avelasquez,10.0.6.138
Serenity Moon,s.moon,pc-smoon,10.0.1.152
Emmy Hood,e.hood,pc-ehood,10.0.6.172
Ryann Casey,r.casey,lap-rcasey,10.0.0.164
Blaine Chen,b.chen,lap-bchen,10.0.4.143
Vaughn Ellis,v.ellis,lap-vellis,10.0.1.203
Dalton Frederick,d.frederick,pc-dfrederick,10.0.5.85
Cassandra Obrien,c.obrien,pc-cobrien,10.0.3.20
Skyler Horton,s.horton,pc-shorton,10.0.5.239
Destiny Mayo,d.mayo,pc-dmayo,10.0.5.73
Adelaide Meyer,a.meyer,lap-ameyer,10.0.1.123
Annabella Mays,a.mays,mac-amays,10.0.0.167
Finley Hays,f.hays,mac-fhays,10.0.3.226
Mina Morton,m.morton,pc-mmorton,10.0.1.228
Sonny Reynolds,s.reynolds,pc-sreynolds,10.0.4.246
Memphis Malone,m.malone,pc-mmalone,10.0.5.14
Adalynn Le,a.le,lap-ale,10.0.2.4
Zaid Palmer,z.palmer,lap-zpalmer,10.0.4.53
Jordan Myers,j.myers,lap-jmyers,10.0.6.106
Dakota Vargas,d.vargas,pc-dvargas,10.0.4.26
Sandra Meyer,s.meyer,lap-smeyer,10.0.3.201
Ty Jimenez,t.jimenez,lap-tjimenez,10.0.0.61
Dangelo Rush,d.rush,pc-drush,10.0.6.65
Yurem Ashley,y.ashley,lap-yashley,10.0.3.160
Tyshawn Morrow,t.morrow,pc-tmorrow,10.0.5.43
Raina Jimenez,r.jimenez,lap-rjimenez,10.0.2.71
Paisley Barajas,p.barajas,mac-pbarajas,10.0.2.243
Destiny Fuentes,d.fuentes,pc-dfuentes,10.0.4.44
Ellie Gallagher,e.gallagher,lap-egallagher,10.0.0.165
Gabriela Ray,g.ray,mac-gray,10.0.0.58
London Haas,l.haas,mac-lhaas,10.0.6.19
Devin Hernandez,d.hernandez,pc-dhernandez,10.0.3.187
Colin Macdonald,c.macdonald,pc-cmacdonald,10.0.2.200
Natalya Juarez,n.juarez,lap-njuarez,10.0.1.161
Alexa Yang,a.yang,mac-ayang,10.0.3.157
Raquel Kaufman,r.kaufman,mac-rkaufman,10.0.5.122
Lara Carson,l.carson,pc-lcarson,10.0.4.150
Brogan Keller,b.keller,lap-bkeller,10.0.2.169
Aimee Castillo,a.castillo,pc-acastillo,10.0.1.222
Johnathan Taylor,j.taylor,pc-jtaylor,10.0.1.153
Derick Andrade,d.andrade,pc-dandrade,10.0.1.130
Cora Phelps,c.phelps,lap-cphelps,10.0.3.52
Agustin Copeland,a.copeland,pc-acopeland,10.0.1.183
Jacquelyn Glenn,j.glenn,lap-jglenn,10.0.6.187
Abigail Ray,a.ray,mac-aray,10.0.5.44
Marianna Mcintosh,m.mcintosh,pc-mmcintosh,10.0.5.29
Alyson Anderson,a.anderson,pc-aanderson,10.0.1.118
Deven Nolan,d.nolan,pc-dnolan,10.0.4.61
Aryan Stafford,a.stafford,pc-astafford,10.0.0.120
Peter Cooley,p.cooley,pc-pcooley,10.0.4.52
Mckinley Lang,m.lang,mac-mlang,10.0.6.205
Jessie Greene,j.greene,lap-jgreene,10.0.3.46
Yoselin Brown,y.brown,pc-ybrown,10.0.5.237
Madilyn White,m.white,lap-mwhite,10.0.4.79
Duncan Blankenship,d.blankenship,pc-dblankenship,10.0.1.31
Sofia Donovan,s.donovan,pc-sdonovan,10.0.2.40
Mauricio Hensley,m.hensley,lap-mhensley,10.0.4.9
Dax Pacheco,d.pacheco,pc-dpacheco,10.0.1.106
Colby Petty,c.petty,lap-cpetty,10.0.6.192
Yesenia Frederick,y.frederick,pc-yfrederick,10.0.6.182
Holden Ortiz,h.ortiz,pc-hortiz,10.0.1.39
Dahlia Forbes,d.forbes,pc-dforbes,10.0.0.84
Judith Beltran,j.beltran,lap-jbeltran,10.0.3.137
Kamron Bean,k.bean,lap-kbean,10.0.1.246
Aileen Clayton,a.clayton,pc-aclayton,10.0.2.38
Maeve Ibarra,m.ibarra,mac-mibarra,10.0.0.48
Chandler Stanley,c.stanley,lap-cstanley,10.0.4.231
Julianne Wagner,j.wagner,lap-jwagner,10.0.1.215
Walter Dodson,w.dodson,pc-wdodson,10.0.6.183
Draven Coleman,d.coleman,pc-dcoleman,10.0.1.143
Kaiden Obrien,k.obrien,pc-kobrien,10.0.1.18
Mia Bruce,m.bruce,lap-mbruce,10.0.3.34
Maeve Hoover,m.hoover,pc-mhoover,10.0.6.166
Kash Meyers,k.meyers,lap-kmeyers,10.0.2.2
Landen Richmond,l.richmond,pc-lrichmond,10.0.5.50
Kailey Lang,k.lang,mac-klang,10.0.4.206
Roger Hensley,r.hensley,lap-rhensley,10.0.6.209
Jovany Vasquez,j.vasquez,lap-jvasquez,10.0.5.104
Tyree Pruitt,t.pruitt,mac-tpruitt,10.0.1.71
Sage Faulkner,s.faulkner,lap-sfaulkner,10.0.4.85
Arturo Cook,a.cook,pc-acook,10.0.3.212
Laci Mcmahon,l.mcmahon,pc-lmcmahon,10.0.0.122
Bruce Rivers,b.rivers,lap-brivers,10.0.6.116
Scarlett Adams,s.adams,pc-sadams,10.0.0.189
Christina Leblanc,c.leblanc,lap-cleblanc,10.0.4.183
Kamora Erickson,k.erickson,pc-kerickson,10.0.4.37
Griffin Hamilton,g.hamilton,pc-ghamilton,10.0.4.75
Chaz Gomez,c.gomez,pc-cgomez,10.0.2.49
Marin Norris,m.norris,pc-mnorris,10.0.4.186
Amirah Salas,a.salas,mac-asalas,10.0.5.189
Julia Haney,j.haney,lap-jhaney,10.0.5.222
Logan Jensen,l.jensen,lap-ljensen,10.0.2.78
Trevin Whitaker,t.whitaker,lap-twhitaker,10.0.6.79
Christian Walter,c.walter,lap-cwalter,10.0.2.39
Skylar Downs,s.downs,pc-sdowns,10.0.0.170
Kaya Vance,k.vance,lap-kvance,10.0.5.149
Felipe Christensen,f.christensen,lap-fchristensen,10.0.6.123
Nicholas Marquez,n.marquez,lap-nmarquez,10.0.2.172
Shirley Thomas,s.thomas,pc-sthomas,10.0.6.229
Shayla Gibson,s.gibson,pc-sgibson,10.0.5.155
Yasmine Compton,y.compton,pc-ycompton,10.0.5.114
Jazlynn Lin,j.lin,mac-jlin,10.0.4.235
Aniyah Jones,a.jones,pc-ajones,10.0.6.38
Cruz Archer,c.archer,lap-carcher,10.0.6.238
Ryan Mack,r.mack,mac-rmack,10.0.6.48
Adyson Frye,a.frye,lap-afrye,10.0.4.110
Ari Knox,a.knox,pc-aknox,10.0.0.78
Ronald Fowler,r.fowler,pc-rfowler,10.0.0.96
Nyla Bean,n.bean,lap-nbean,10.0.6.195
Mariela Hartman,m.hartman,mac-mhartman,10.0.4.112
Giana Webb,g.webb,lap-gwebb,10.0.6.94
Leslie Anderson,l.anderson,pc-landerson,10.0.5.209
Jazmyn Phelps,j.phelps,lap-jphelps,10.0.1.5
Taryn Stanton,t.stanton,pc-tstanton,10.0.5.59
Yahir Mcguire,y.mcguire,lap-ymcguire,10.0.2.3
Glenn Collier,g.collier,pc-gcollier,10.0.4.22
Nancy Adkins,n.adkins,pc-nadkins,10.0.0.174
Jaiden Long,j.long,pc-jlong,10.0.6.9
Jonah Gibbs,j.gibbs,mac-jgibbs,10.0.3.5
Pamela Conrad,p.conrad,pc-pconrad,10.0.2.159
Fabian Owens,f.owens,pc-fowens,10.0.6.135
Reynaldo Elliott,r.elliott,pc-relliott,10.0.2.124
Makaila Michael,m.michael,lap-mmichael,10.0.6.184
Travis Wright,t.wright,mac-twright,10.0.6.186
Mohammad Ortega,m.ortega,pc-mortega,10.0.4.3
Jorden French,j.french,lap-jfrench,10.0.0.230
Isaias Oliver,i.oliver,pc-ioliver,10.0.3.246
Brooklyn Oneal,b.oneal,pc-boneal,10.0.0.79
Anabelle Hicks,a.hicks,mac-ahicks,10.0.5.77
Ramiro Sanford,r.sanford,pc-rsanford,10.0.6.17
Deegan Pruitt,d.pruitt,pc-dpruitt,10.0.6.220
Adonis Everett,a.everett,lap-aeverett,10.0.5.46
Lyric Meyers,l.meyers,lap-lmeyers,10.0.6.14
Eva Cohen,e.cohen,pc-ecohen,10.0.6.174
Shiloh Hayes,s.hayes,lap-shayes,10.0.0.132
Thomas Cunningham,t.cunningham,mac-tcunningham,10.0.4.105
Jazlyn Hardin,j.hardin,pc-jhardin,10.0.6.18
Antony Moss,a.moss,pc-amoss,10.0.2.26
Maximillian Washington,m.washington,pc-mwashington,10.0.4.109
Cristian Mclean,c.mclean,lap-cmclean,10.0.4.147
Malcolm George,m.george,pc-mgeorge,10.0.4.239
Carter Sosa,c.sosa,pc-csosa,10.0.3.144
Kate Peterson,k.peterson,pc-kpeterson,10.0.0.147
Chloe Logan,c.logan,pc-clogan,10.0.4.68
Milton Clay,m.clay,mac-mclay,10.0.4.191
Karson Spence,k.spence,lap-kspence,10.0.6.169
Ulises Case,u.case,lap-ucase,10.0.3.164
Charlize Barrett,c.barrett,lap-cbarrett,10.0.6.35
Muhammad Flowers,m.flowers,pc-mflowers,10.0.2.208
Ayanna Rowe,a.rowe,pc-arowe,10.0.4.155
Zoe Warner,z.warner,lap-zwarner,10.0.2.225
Kassidy Moran,k.moran,pc-kmoran,10.0.0.103
Darnell Rasmussen,d.rasmussen,pc-drasmussen,10.0.1.189
Jose Grant,j.grant,mac-jgrant,10.0.0.92
Linda Stevens,l.stevens,lap-lstevens,10.0.4.93
Kristian Krueger,k.krueger,lap-kkrueger,10.0.4.43
Giovani Tucker,g.tucker,lap-gtucker,10.0.5.41
Alexa Newton,a.newton,pc-anewton,10.0.6.59
Frederick Peterson,f.peterson,pc-fpeterson,10.0.6.39
Adalyn Michael,a.michael,lap-amichael,10.0.6.92
Kamari Roy,k.roy,pc-kroy,10.0.6.152
Martin Boyer,m.boyer,pc-mboyer,10.0.0.157
Saniyah Fields,s.fields,pc-sfields,10.0.5.45
Skye Mckay,s.mckay,mac-smckay,10.0.2.215
Jessica Lara,j.lara,mac-jlara,10.0.0.82
Madeleine Herman,m.herman,lap-mherman,10.0.4.41
Emelia Cherry,e.cherry,lap-echerry,10.0.3.105
Zoe Pace,z.pace,lap-zpace,10.0.3.181
Chana Fuller,c.fuller,lap-cfuller,10.0.2.176
Carleigh Hutchinson,c.hutchinson,pc-chutchinson,10.0.5.132
Nicholas Fields,n.fields,pc-nfields,10.0.0.59
Lyric Galloway,l.galloway,pc-lgalloway,10.0.2.35
Christina Sellers,c.sellers,lap-csellers,10.0.4.243
Pranav Mahoney,p.mahoney,pc-pmahoney,10.0.0.126
Dayton Mckenzie,d.mckenzie,pc-dmckenzie,10.0.4.20
Emely Strong,e.strong,pc-estrong,10.0.3.93
Bo Sosa,b.sosa,pc-bsosa,10.0.6.54
Karma Fisher,k.fisher,lap-kfisher,10.0.6.194
Derek Hebert,d.hebert,pc-dhebert,10.0.4.2
Layne Duffy,l.duffy,pc-lduffy,10.0.2.196
Anna Harris,a.harris,mac-aharris,10.0.2.189
Michelle Blanchard,m.blanchard,pc-mblanchard,10.0.5.107
Emilio Griffin,e.griffin,lap-egriffin,10.0.0.16
Juliet Guerra,j.guerra,lap-jguerra,10.0.1.2
Emely Sanford,e.sanford,pc-esanford,10.0.4.237
Deacon Bryan,d.bryan,pc-dbryan,10.0.4.173
Hector Frank,h.frank,mac-hfrank,10.0.2.138
Janessa Fletcher,j.fletcher,lap-jfletcher,10.0.2.118
Houston Chase,h.chase,lap-hchase,10.0.0.213
Hayden Tran,h.tran,mac-htran,10.0.4.139
Jayleen Cuevas,j.cuevas,lap-jcuevas,10.0.0.197
Lamont Burnett,l.burnett,lap-lburnett,10.0.1.128
Corinne Howe,c.howe,pc-chowe,10.0.5.92
Cora Decker,c.decker,pc-cdecker,10.0.1.165
Cristofer Daniels,c.daniels,pc-cdaniels,10.0.3.112
Savanah Tapia,s.tapia,mac-stapia,10.0.0.42
Junior Mcdowell,j.mcdowell,pc-jmcdowell,10.0.1.168
Allison Gutierrez,a.gutierrez,lap-agutierrez,10.0.4.48
Ronin Berg,r.berg,lap-rberg,10.0.0.117
Moses Frost,m.frost,pc-mfrost,10.0.6.47
Bryant Wiggins,b.wiggins,mac-bwiggins,10.0.5.180
Sophia Keller,s.keller,lap-skeller,10.0.5.153
Danielle Lambert,d.lambert,pc-dlambert,10.0.6.78
Nathalia Vasquez,n.vasquez,lap-nvasquez,10.0.1.208
Jadyn Cline,j.cline,lap-jcline,10.0.6.240
Izayah Owen,i.owen,pc-iowen,10.0.5.128
Trent Beard,t.beard,pc-tbeard,10.0.6.157
Patricia Lin,p.lin,mac-plin,10.0.2.66
Aileen Blanchard,a.blanchard,pc-ablanchard,10.0.3.193
Lindsay Mcfarland,l.mcfarland,pc-lmcfarland,10.0.3.154
Aniya Francis,a.francis,mac-afrancis,10.0.3.31
Hanna Hanson,h.hanson,pc-hhanson,10.0.4.194
Anne Jennings,a.jennings,lap-ajennings,10.0.5.56
Dax Dennis,d.dennis,pc-ddennis,10.0.0.3
Maximillian Finley,m.finley,lap-mfinley,10.0.1.237
Dale Montes,d.montes,pc-dmontes,10.0.4.158
Alice Ochoa,a.ochoa,pc-aochoa,10.0.5.148
Makenzie Osborn,m.osborn,pc-mosborn,10.0.5.54
Sullivan Saunders,s.saunders,pc-ssaunders,10.0.2.91
Lyla York,l.york,pc-lyork,10.0.3.126
James Joyce,j.joyce,pc-jjoyce,10.0.2.67
Ryder Deleon,r.deleon,pc-rdeleon,10.0.5.250
Osvaldo Love,o.love,pc-olove,10.0.4.129
Boston Nixon,b.nixon,pc-bnixon,10.0.0.238
Kayla Adams,k.adams,pc-kadams,10.0.2.170
Phoenix Everett,p.everett,lap-peverett,10.0.2.250
Wade Mccoy,w.mccoy,pc-wmccoy,10.0.0.210
Carter Flowers,c.flowers,pc-cflowers,10.0.0.153
Johnathon Lucas,j.lucas,mac-jlucas,10.0.5.151
Jazlynn Santana,j.santana,mac-jsantana,10.0.1.144
Cassidy Juarez,c.juarez,lap-cjuarez,10.0.4.16
Leandro Mendoza,l.mendoza,pc-lmendoza,10.0.3.148
Cannon Chang,c.chang,mac-cchang,10.0.3.149
Karma Velazquez,k.velazquez,lap-kvelazquez,10.0.2.148
Kaley Reeves,k.reeves,lap-kreeves,10.0.1.159
Junior Mendez,j.mendez,pc-jmendez,10.0.2.70
Ryland Cook,r.cook,pc-rcook,10.0.2.119
Maximillian Peck,m.peck,lap-mpeck,10.0.3.239
Karina Love,k.love,pc-klove,10.0.5.196
Kiersten Booth,k.booth,pc-kbooth,10.0.3.238
Mila Mullen,m.mullen,lap-mmullen,10.0.1.224
Niko Kennedy,n.kennedy,pc-nkennedy,10.0.5.161
Patricia Howe,p.howe,pc-phowe,10.0.5.156
Moshe Ayers,m.ayers,lap-mayers,10.0.0.169
Madeleine Horn,m.horn,pc-mhorn,10.0.5.33
Maci Oliver,m.oliver,pc-moliver,10.0.3.234
Heaven Ayala,h.ayala,mac-hayala,10.0.1.248
Shelby Oneal,s.oneal,pc-soneal,10.0.3.171
Lydia Hendricks,l.hendricks,pc-lhendricks,10.0.5.229
Levi Lamb,l.lamb,mac-llamb,10.0.3.196
Jordon Whitehead,j.whitehead,pc-jwhitehead,10.0.3.75
Ashley Burch,a.burch,mac-aburch,10.0.3.57
Melvin Marshall,m.marshall,mac-mmarshall,10.0.3.176
Urijah Chen,u.chen,lap-uchen,10.0.1.167
Andrew Glover,a.glover,pc-aglover,10.0.3.80
Mylee Cameron,m.cameron,pc-mcameron,10.0.5.170
Dahlia Warner,d.warner,pc-dwarner,10.0.1.192
Tristin Rice,t.rice,lap-trice,10.0.4.225
Jordyn Weaver,j.weaver,lap-jweaver,10.0.3.133
Marley Lynch,m.lynch,mac-mlynch,10.0.6.103
Taniyah Boyle,t.boyle,pc-tboyle,10.0.4.249
Mike Sanders,m.sanders,pc-msanders,10.0.6.81
Titus Mcneil,t.mcneil,lap-tmcneil,10.0.4.209
Aaron Rosario,a.rosario,pc-arosario,10.0.2.72
Jayla Knox,j.knox,pc-jknox,10.0.0.242
Will English,w.english,lap-wenglish,10.0.2.20
Nia Lyons,n.lyons,pc-nlyons,10.0.0.115
Dalia Tapia,d.tapia,pc-dtapia,10.0.1.134
Brennen Small,b.small,mac-bsmall,10.0.5.37
Madalynn Parsons,m.parsons,pc-mparsons,10.0.4.172
Carsen Francis,c.francis,mac-cfrancis,10.0.2.42
Gillian Costa,g.costa,pc-gcosta,10.0.6.101
Lorena Reyes,l.reyes,lap-lreyes,10.0.3.244
Seamus Todd,s.todd,pc-stodd,10.0.4.170
Donovan Cain,d.cain,pc-dcain,10.0.2.139
Aaden Andersen,a.andersen,pc-aandersen,10.0.5.163
Magdalena Bates,m.bates,lap-mbates,10.0.2.85
Lisa Cordova,l.cordova,pc-lcordova,10.0.5.100
Nikolas Osborne,n.osborne,pc-nosborne,10.0.5.90
Nash Robertson,n.robertson,pc-nrobertson,10.0.2.15
Cassie Klein,c.klein,lap-cklein,10.0.1.182
Carolina Clements,c.clements,lap-cclements,10.0.6.89
Alayna Briggs,a.briggs,mac-abriggs,10.0.6.117
Houston Dudley,h.dudley,pc-hdudley,10.0.1.50
Christine Ochoa,c.ochoa,pc-cochoa,10.0.0.39
Taryn Esparza,t.esparza,lap-tesparza,10.0.5.65
Reece Rivera,r.rivera,lap-rrivera,10.0.3.172
Savion Rich,s.rich,mac-srich,10.0.2.233
Amiyah Levine,a.levine,lap-alevine,10.0.6.212
Lorena Jimenez,l.jimenez,lap-ljimenez,10.0.3.207
Marvin Frye,m.frye,lap-mfrye,10.0.6.141
Amelia Bauer,a.bauer,lap-abauer,10.0.0.33
Konnor Small,k.small,mac-ksmall,10.0.6.242
Isabelle Cunningham,i.cunningham,mac-icunningham,10.0.1.148
Victor Webb,v.webb,lap-vwebb,10.0.4.83
Elise Santos,e.santos,pc-esantos,10.0.2.24
Desirae Velasquez,d.velasquez,pc-dvelasquez,10.0.1.181
Brenda Harvey,b.harvey,lap-bharvey,10.0.0.158
Raegan Braun,r.braun,mac-rbraun,10.0.6.4
Ruby Melendez,r.melendez,pc-rmelendez,10.0.4.73
Amir Logan,a.logan,pc-alogan,10.0.3.98
Dakota Day,d.day,pc-dday,10.0.0.80
Alisa Lynch,a.lynch,mac-alynch,10.0.2.228
Henry Meadows,h.meadows,pc-hmeadows,10.0.2.46
Sydney Padilla,s.padilla,pc-spadilla,10.0.4.248
Mckayla Hood,m.hood,pc-mhood,10.0.6.207
Ray Shields,r.shields,pc-rshields,10.0.0.21
Cailyn Downs,c.downs,pc-cdowns,10.0.4.200
Marina Nichols,m.nichols,pc-mnichols,10.0.6.36
Miriam Chapman,m.chapman,mac-mchapman,10.0.6.96
Adan Christensen,a.christensen,lap-achristensen,10.0.5.78
Darryl Jensen,d.jensen,pc-djensen,10.0.0.146
Rodolfo Shepherd,r.shepherd,pc-rshepherd,10.0.1.172
Shyla Murillo,s.murillo,pc-smurillo,10.0.2.65
Felipe Hensley,f.hensley,lap-fhensley,10.0.4.234
Holden Campos,h.campos,pc-hcampos,10.0.6.213
Luka Randall,l.randall,pc-lrandall,10.0.2.58
Zayden Bautista,z.bautista,mac-zbautista,10.0.4.197
Jaylin Golden,j.golden,pc-jgolden,10.0.2.113
Nehemiah Meyers,n.meyers,lap-nmeyers,10.0.2.80
Mohammed Wilkins,m.wilkins,mac-mwilkins,10.0.5.249
Elisha Humphrey,e.humphrey,lap-ehumphrey,10.0.0.118
Jude Moss,j.moss,pc-jmoss,10.0.2.30
Antony Cantu,a.cantu,mac-acantu,10.0.4.222
Jadiel Stokes,j.stokes,pc-jstokes,10.0.5.9
Lyric Gay,l.gay,mac-lgay,10.0.4.77
Karli Wells,k.wells,lap-kwells,10.0.6.124
Karina Ward,k.ward,pc-kward,10.0.4.141
Uriel Terrell,u.terrell,lap-uterrell,10.0.1.146
Jerimiah Reilly,j.reilly,lap-jreilly,10.0.5.135
Courtney Duffy,c.duffy,pc-cduffy,10.0.1.194
Irvin Bishop,i.bishop,pc-ibishop,10.0.5.181
Elliana Bates,e.bates,lap-ebates,10.0.6.82
Abdullah Mcgee,a.mcgee,lap-amcgee,10.0.6.132
Moses Wheeler,m.wheeler,lap-mwheeler,10.0.1.139
Kaia Ibarra,k.ibarra,mac-kibarra,10.0.3.186
Monserrat Kemp,m.kemp,lap-mkemp,10.0.3.135
Cindy Poole,c.poole,pc-cpoole,10.0.6.153
Kyler Robertson,k.robertson,pc-krobertson,10.0.0.31
Jamie Beard,j.beard,pc-jbeard,10.0.2.95
Abby Pollard,a.pollard,pc-apollard,10.0.1.74
Miles Figueroa,m.figueroa,pc-mfigueroa,10.0.0.227
Regina Glass,r.glass,mac-rglass,10.0.0.183
Devin Norton,d.norton,pc-dnorton,10.0.4.46
Camille Riggs,c.riggs,mac-criggs,10.0.1.59
Tate Stephens,t.stephens,lap-tstephens,10.0.5.141
Deandre Stevenson,d.stevenson,pc-dstevenson,10.0.0.52
Angelina Todd,a.todd,pc-atodd,10.0.2.195
Kennedi Lamb,k.lamb,mac-klamb,10.0.5.12
Ximena Mcgrath,x.mcgrath,mac-xmcgrath,10.0.4.120
Braden Reid,b.reid,pc-breid,10.0.1.127
Zoe Gentry,z.gentry,lap-zgentry,10.0.2.36
Johnathan Leblanc,j.leblanc,lap-jleblanc,10.0.1.44
Ann Maynard,a.maynard,pc-amaynard,10.0.2.222
Karlie Garrett,k.garrett,lap-kgarrett,10.0.1.180
Vivian Berger,v.berger,lap-vberger,10.0.4.115
Ivy Bowers,i.bowers,pc-ibowers,10.0.0.113
Juliet Grimes,j.grimes,lap-jgrimes,10.0.0.186
Jordan Valenzuela,j.valenzuela,lap-jvalenzuela,10.0.2.186
Melvin Jackson,m.jackson,pc-mjackson,10.0.2.235
Mariela Mcdaniel,m.mcdaniel,pc-mmcdaniel,10.0.2.44
Kamari Clements,k.clements,lap-kclements,10.0.4.167
Delaney Gilmore,d.gilmore,pc-dgilmore,10.0.5.49
Jayson Travis,j.travis,mac-jtravis,10.0.4.12
Tyler Padilla,t.padilla,pc-tpadilla,10.0.1.14
Marcos Weaver,m.weaver,lap-mweaver,10.0.1.29
Isabela Lindsey,i.lindsey,pc-ilindsey,10.0.6.217
Avery Ramos,a.ramos,pc-aramos,10.0.3.228
Tobias Rowland,t.rowland,pc-trowland,10.0.0.97
Kira Blackwell,k.blackwell,lap-kblackwell,10.0.1.102
Jameson Yang,j.yang,mac-jyang,10.0.6.214
Efrain Pittman,e.pittman,lap-epittman,10.0.3.132
Violet Hodge,v.hodge,pc-vhodge,10.0.4.135
Gabriela Cross,g.cross,pc-gcross,10.0.6.188
Marcos Davidson,m.davidson,pc-mdavidson,10.0.5.162
Rebekah Colon,r.colon,pc-rcolon,10.0.3.14
Lindsay Brady,l.brady,pc-lbrady,10.0.2.27
Lilliana Gallagher,l.gallagher,lap-lgallagher,10.0.0.63
Leia Mills,l.mills,mac-lmills,10.0.2.41
Dawson Gentry,d.gentry,pc-dgentry,10.0.1.94
Houston Doyle,h.doyle,pc-hdoyle,10.0.6.147
Hana Hampton,h.hampton,pc-hhampton,10.0.0.245
Beckham Cohen,b.cohen,pc-bcohen,10.0.4.94
